<?xml version="1.0" encoding="UTF-8"?>
<extension version="3.9" type="component" method="upgrade">
	<name>com_actionlogs</name>
	<author>Joomla! Project</author>
	<creationDate>May 2018</creationDate>
	<copyright>Copyright (C) 2005 - 2018 Open Source Matters. All rights reserved.</copyright>
	<license>GNU General Public License version 2 or later; see LICENSE.txt</license>
	<authorEmail>admin@joomla.org</authorEmail>
	<authorUrl>www.joomla.org</authorUrl>
	<version>3.9.0</version>
	<description>COM_ACTIONLOGS_XML_DESCRIPTION</description>
	<administration>
		<menu>COM_ACTIONLOGS</menu>
		<files folder="admin">
			<file>actionlogs.php</file>
			<file>config.xml</file>
			<file>access.xml</file>
			<file>controller.php</file>
			<folder>controllers</folder>
			<folder>helpers</folder>
			<folder>models</folder>
			<folder>views</folder>
		</files>
		<languages folder="admin">
			<language tag="en-GB">language/en-GB.com_actionlogs.ini</language>
			<language tag="en-GB">language/en-GB.com_actionlogs.sys.ini</language>
		</languages>
	</administration>
</extension>
